<?xml version="1.0" encoding="ISO-8859-15"?>
<uc-export clientvers="12.0.0-dev+main.build.3446">
<DOCU name="PCK.CUSTOM_SLACK_NOTIFICATION.PUB.DOC">
<HEADER state="1">
<Title>Pack Documentation</Title>
<ArchiveKey1/>
<ArchiveKey2/>
<OH_SubType/>
</HEADER>
<DOCU_Docu state="1" type="text">
<DOC><![CDATA[Slack Notification Action Pack

Complements ARA ChatOps Community Project: https://marketplace.automic.com/details/chatops-for-automic-release-automation

Requirements:
ARA v12
RA Web Services REST v4]]></DOC>
</DOCU_Docu>
</DOCU>
</uc-export>