<?xml version="1.0" encoding="ISO-8859-15"?>
<uc-export clientvers="12.0.0-dev+main.build.3446">
<FolderStruct>
<includeExternalObjects>0</includeExternalObjects>
<FOLD name="PCK.CUSTOM_SLACK_NOTIFICATION" title="">
<VARA id="1008001" link="0" name="PCK.CUSTOM_SLACK_NOTIFICATION.PUB.VAR.METADATA"/>
<FOLD name="ACTIONS" title="">
<FOLD name="SLACK" title="">
<JOBS_CIT id="1008025" link="1" name="PCK.CUSTOM_SLACK_NOTIFICATION.PUB.ACTION.NOTIFY_CHANNEL"/>
</FOLD>
</FOLD>
<FOLD name="CONFIG" title="">
<VARA id="1008002" link="0" name="PCK.CUSTOM_SLACK_NOTIFICATION.PUB.PROMPT_EXTERNAL_MAP"/>
</FOLD>
<FOLD name="DOCUMENTATION" title="">
<DOCU id="1008003" link="0" name="PCK.CUSTOM_SLACK_NOTIFICATION.PUB.DOC"/>
<DOCU id="1008004" link="0" name="PCK.CUSTOM_SLACK_NOTIFICATION.PUB.LICENSES"/>
</FOLD>
<FOLD name="RESOURCES" title="">
<FOLD name="INTERPRETERS" title=""/>
<FOLD name="LIBS" title=""/>
<FOLD name="SCRIPTS" title=""/>
</FOLD>
<FOLD name="SOURCE" title="">
<FOLD name="NOTIFY_CHANNEL" title="">
<JOBS_CIT id="1008025" link="0" name="PCK.CUSTOM_SLACK_NOTIFICATION.PUB.ACTION.NOTIFY_CHANNEL"/>
<FOLD name="INTERNAL" title="">
<FOLD name="INCLUDES" title=""/>
<FOLD name="JOBS" title=""/>
<FOLD name="PROMPTSETS" title="">
<PRPT id="1008026" link="0" name="PCK.CUSTOM_SLACK_NOTIFICATION.PRV.PROMPTSET.NOTIFY_CHANNEL"/>
</FOLD>
<FOLD name="ROLLBACK" title=""/>
<FOLD name="VARIABLES" title=""/>
</FOLD>
</FOLD>
</FOLD>
<FOLD name="TEMPLATES" title=""/>
</FOLD>
</FolderStruct>
<VARA OVD_VRName="FREI" data_type="STATIC" name="PCK.CUSTOM_SLACK_NOTIFICATION.PUB.VAR.METADATA" replacementmode="2">
<HEADER state="1">
<Title/>
<ArchiveKey1/>
<ArchiveKey2/>
<OH_SubType>STATIC</OH_SubType>
</HEADER>
<ATTR_VARA state="1">
<Type>C|Text</Type>
<lblSource>Static</lblSource>
<source>STATIC</source>
<VRName>FREI|Freely selected</VRName>
<NotFoundErr>0</NotFoundErr>
<NotFoundDef>1</NotFoundDef>
<ShareN>0</ShareN>
<ShareL>0</ShareL>
<ShareR>0</ShareR>
<MaxValue_C>1024</MaxValue_C>
<CheckMax_C>0</CheckMax_C>
<uppercase>0</uppercase>
<sortColumn>0</sortColumn>
<sortDirection>0</sortDirection>
</ATTR_VARA>
<VARA state="1">
<Variables>
<row Name="Categories" Value="" Value1="" Value2="" Value3="" Value4=""/>
<row Name="Company" Value="Custom" Value1="" Value2="" Value3="" Value4=""/>
<row Name="Dependencies" Value="PCK.ITPA_SHARED ~&gt; 1.1,PCK.AUTOMIC_RA_REST ~&gt; 1.0" Value1="" Value2="" Value3="" Value4=""/>
<row Name="Description" Value="" Value1="" Value2="" Value3="" Value4=""/>
<row Name="Homepage" Value="www.yourcompany.com" Value1="" Value2="" Value3="" Value4=""/>
<row Name="License" Value="" Value1="" Value2="" Value3="" Value4=""/>
<row Name="Name" Value="PCK.CUSTOM_SLACK_NOTIFICATION" Value1="" Value2="" Value3="" Value4=""/>
<row Name="Package Format Version" Value="0.3.0" Value1="" Value2="" Value3="" Value4=""/>
<row Name="Title" Value="Slack Notification" Value1="" Value2="" Value3="" Value4=""/>
<row Name="Version" Value="1.0.0" Value1="" Value2="" Value3="" Value4=""/>
</Variables>
</VARA>
<DOCU_Docu state="1" type="text">
<DOC/>
</DOCU_Docu>
</VARA>
<VARA OVD_VRName="FREI" data_type="STATIC" name="PCK.CUSTOM_SLACK_NOTIFICATION.PUB.PROMPT_EXTERNAL_MAP" replacementmode="2">
<HEADER state="1">
<Title/>
<ArchiveKey1/>
<ArchiveKey2/>
<OH_SubType>STATIC</OH_SubType>
</HEADER>
<ATTR_VARA state="1">
<Type>C|Text</Type>
<lblSource>Static</lblSource>
<source>STATIC</source>
<VRName>FREI|Freely selected</VRName>
<NotFoundErr>0</NotFoundErr>
<NotFoundDef>1</NotFoundDef>
<ShareN>0</ShareN>
<ShareL>0</ShareL>
<ShareR>0</ShareR>
<MaxValue_C>1024</MaxValue_C>
<CheckMax_C>0</CheckMax_C>
<uppercase>0</uppercase>
<sortColumn>0</sortColumn>
<sortDirection>0</sortDirection>
</ATTR_VARA>
<VARA state="1">
<Variables/>
</VARA>
<DOCU_Docu state="1" type="text">
<DOC/>
</DOCU_Docu>
</VARA>
<DOCU name="PCK.CUSTOM_SLACK_NOTIFICATION.PUB.DOC">
<HEADER state="1">
<Title>Pack Documentation</Title>
<ArchiveKey1/>
<ArchiveKey2/>
<OH_SubType/>
</HEADER>
<DOCU_Docu state="1" type="text">
<DOC><![CDATA[Slack Notification Action Pack

Complements ARA ChatOps Community Project: https://marketplace.automic.com/details/chatops-for-automic-release-automation

Requirements:
ARA v12
RA Web Services REST v4]]></DOC>
</DOCU_Docu>
</DOCU>
<DOCU name="PCK.CUSTOM_SLACK_NOTIFICATION.PUB.LICENSES">
<HEADER state="1">
<Title/>
<ArchiveKey1/>
<ArchiveKey2/>
<OH_SubType/>
</HEADER>
<DOCU_Docu state="1" type="text">
<DOC/>
</DOCU_Docu>
</DOCU>
<JOBS_CIT AttrType="CIT" name="PCK.CUSTOM_SLACK_NOTIFICATION.PUB.ACTION.NOTIFY_CHANNEL">
<XHEADER state="1">
<Title>Notify Channel</Title>
<ArchiveKey1/>
<ArchiveKey2/>
<Active>1</Active>
<OH_SubType/>
<CustomAttributes KeyListID="0" dataRequestID="0"/>
</XHEADER>
<OUTPUTREG state="1">
<FileReg/>
</OUTPUTREG>
<SYNCREF state="1">
<Syncs/>
</SYNCREF>
<ATTR_JOBS state="1">
<Queue>CLIENT_QUEUE</Queue>
<StartType/>
<HostDst>|&lt;CIT&gt;|HOST</HostDst>
<HostATTR_Type>CIT</HostATTR_Type>
<CodeName/>
<Login/>
<IntAccount/>
<ExtRepDef>1</ExtRepDef>
<ExtRepAll>0</ExtRepAll>
<ExtRepNone>0</ExtRepNone>
<AutoDeactNo>0</AutoDeactNo>
<AutoDeact1ErrorFree>0</AutoDeact1ErrorFree>
<AutoDeactErrorFree>1</AutoDeactErrorFree>
<DeactWhen>ANY_OK</DeactWhen>
<DeactDelay>0</DeactDelay>
<AutoDeactAlways>0</AutoDeactAlways>
<AttDialog>0</AttDialog>
<ActAtRun>1</ActAtRun>
<Consumption>0</Consumption>
<UC4Priority>0</UC4Priority>
<MaxParallel2>0</MaxParallel2>
<MpElse1>0</MpElse1>
<MpElse2>1</MpElse2>
<TZ/>
</ATTR_JOBS>
<ATTR_CIT state="1">
<OutputDb>1</OutputDb>
<OutputDbErr>0</OutputDbErr>
<OutputFile>0</OutputFile>
<OptReportPLOG>1</OptReportPLOG>
<RequTaskParams>0</RequTaskParams>
</ATTR_CIT>
<CIT dirty="0" state="2">
<citcont agentname="&lt;CIT&gt;" jobtype="WEBSERVICEREST" text="Web Service Rest">
<cit cittype="2" icon="" id="" subtype="REST" text="REST Web Service">
<component con="0" enc="0" type="2" value="" xmlName="conn_auth_aws_accesskey"/>
<component con="0" enc="0" type="2" value="" xmlName="conn_auth_aws_secret_accesskey"/>
<component con="0" enc="0" type="2" value="" xmlName="conn_auth_aws_sign_version"/>
<component con="0" enc="0" type="2" value="" xmlName="conn_auth_basic_host"/>
<component con="0" enc="0" type="2" value="" xmlName="conn_auth_basic_password"/>
<component con="0" enc="0" type="2" value="" xmlName="conn_auth_basic_port"/>
<component con="0" enc="0" type="2" value="" xmlName="conn_auth_basic_preemptive"/>
<component con="0" enc="0" type="2" value="" xmlName="conn_auth_basic_realm"/>
<component con="0" enc="0" type="2" value="" xmlName="conn_auth_basic_username"/>
<component con="0" enc="0" type="2" value="" xmlName="conn_auth_method"/>
<component con="0" enc="0" type="2" value="" xmlName="conn_auth_oauth_clientkey"/>
<component con="0" enc="0" type="2" value="" xmlName="conn_auth_oauth_clientsecret"/>
<component con="0" enc="0" type="2" value="" xmlName="conn_auth_oauth_refresh_token"/>
<component con="0" enc="0" type="2" value="" xmlName="conn_auth_oauth_refresh_uri"/>
<component con="0" enc="0" type="2" value="" xmlName="conn_auth_oauth_signature_type"/>
<component con="0" enc="0" type="2" value="" xmlName="conn_auth_oauth_token"/>
<component con="0" enc="0" type="2" value="" xmlName="conn_auth_oauth_token_secret"/>
<component con="0" enc="0" type="2" value="" xmlName="conn_auth_oauth_verifier"/>
<component con="0" enc="0" type="2" value="" xmlName="conn_auth_oauth_version_method"/>
<component con="0" enc="0" type="2" value="" xmlName="conn_connection_timeout"/>
<component con="0" enc="0" type="2" value="" xmlName="conn_endpoint_url"/>
<component con="0" enc="0" type="2" value="" xmlName="conn_follow_redirects"/>
<component con="0" enc="0" type="2" value="" xmlName="conn_from_prompts"/>
<component con="0" enc="0" type="2" value="" xmlName="conn_proxy_auth_method"/>
<component con="0" enc="0" type="2" value="" xmlName="conn_proxy_host"/>
<component con="0" enc="0" type="2" value="" xmlName="conn_proxy_password"/>
<component con="0" enc="0" type="2" value="" xmlName="conn_proxy_port"/>
<component con="0" enc="0" type="2" value="" xmlName="conn_proxy_realm"/>
<component con="0" enc="0" type="2" value="" xmlName="conn_proxy_type"/>
<component con="0" enc="0" type="2" value="" xmlName="conn_proxy_username"/>
<component con="0" enc="0" type="2" value="" xmlName="conn_read_timeout"/>
<component con="0" enc="0" type="2" value="30" xmlName="connectTimeout"/>
<component con="0" enc="0" type="2" value="" xmlName="curl"/>
<component con="0" enc="0" type="2" value="" xmlName="file"/>
<component con="0" enc="0" type="2" value="false" xmlName="isCurl"/>
<component con="0" enc="0" type="2" value="false" xmlName="jobHeaders"/>
<component con="0" enc="0" type="2" value="false" xmlName="jobQuery"/>
<component con="0" enc="0" type="2" value="application/json" xmlName="mediaType"/>
<component con="0" enc="0" type="2" value="POST" xmlName="method"/>
<component con="0" enc="0" type="2" value="false" xmlName="multiPart"/>
<component con="0" enc="0" type="2" value="false" xmlName="multiPartResp"/>
<component con="0" enc="0" type="2" value="Part 1" xmlName="partName"/>
<component con="0" enc="0" type="2" value="application/json" xmlName="request_part_0_mediaType"/>
<component con="0" enc="0" type="2" value="Part 1" xmlName="request_part_0_partName"/>
<component con="0" enc="0" type="2" value="text" xmlName="request_part_0_requestDataSource"/>
<component con="0" enc="0" type="2" value="A{" xmlName="request_part_0_requestTab_data_1"/>
<component con="0" enc="0" type="2" value="A&quot;message&quot;:&quot;&amp;MESSAGE#&quot;" xmlName="request_part_0_requestTab_data_2"/>
<component con="0" enc="0" type="2" value="A}" xmlName="request_part_0_requestTab_data_3"/>
<component con="0" enc="0" type="2" value="text" xmlName="requestDataSource"/>
<component con="0" enc="0" type="2" value="false" xmlName="requestReports"/>
<component con="0" enc="0" type="2" value="/notification/&amp;CHANNELID#/" xmlName="resource"/>
<component con="0" enc="0" type="2" value="" xmlName="response_part_0_file"/>
<component con="0" enc="0" type="2" value="false" xmlName="responseReport"/>
<component con="0" enc="0" type="2" value="60" xmlName="responseTimeout"/>
<component con="0" enc="0" type="2" value="true" xmlName="responseToJobLog"/>
<component con="1" enc="0" type="2" value="" xmlName="restConnection"/>
<component con="0" enc="0" type="2" value="false" xmlName="tracePerformance"/>
<component con="0" enc="0" type="2" value="" xmlName="uriOverride"/>
</cit>
<cit cittype="3" icon="" id="" subtype="GENERALJOBPANELDEF" text="General Job Panel"/>
</citcont>
</CIT>
<RUNTIME state="1">
<MaxRetCode>0</MaxRetCode>
<MrcExecute/>
<MrcElseE>0</MrcElseE>
<FcstStatus>0| |</FcstStatus>
<Ert>0</Ert>
<ErtMethodDef>1</ErtMethodDef>
<ErtMethodFix>0</ErtMethodFix>
<ErtFix>0</ErtFix>
<ErtDynMethod>2|Average</ErtDynMethod>
<ErtMethodDyn>0</ErtMethodDyn>
<ErtCnt>0</ErtCnt>
<ErtCorr>0</ErtCorr>
<ErtIgn>0</ErtIgn>
<ErtIgnFlg>0</ErtIgnFlg>
<ErtMinCnt>0</ErtMinCnt>
<MrtMethodNone>1</MrtMethodNone>
<MrtMethodFix>0</MrtMethodFix>
<MrtFix>0</MrtFix>
<MrtMethodErt>0</MrtMethodErt>
<MrtErt>0</MrtErt>
<MrtMethodDate>0</MrtMethodDate>
<MrtDays>0</MrtDays>
<MrtTime>00:00</MrtTime>
<MrtTZ/>
<SrtMethodNone>1</SrtMethodNone>
<SrtMethodFix>0</SrtMethodFix>
<SrtFix>0</SrtFix>
<SrtMethodErt>0</SrtMethodErt>
<SrtErt>0</SrtErt>
<MrtCancel>0</MrtCancel>
<MrtExecute>0</MrtExecute>
<MrtExecuteObj/>
</RUNTIME>
<DYNVALUES state="1">
<dyntree>
<node content="1" id="VALUE" name="Variables" parent="" type="VALUE">
<VALUE state="1">
<Values/>
<Mode>0</Mode>
</VALUE>
</node>
<node content="1" id="PCK.CUSTOM_SLACK_NOTIFICATION.PRV.PROMPTSET.NOTIFY_CHANNEL" name="PCK.CUSTOM_SLACK_NOTIFICATION.PRV.PROMPTSET.NOTIFY_CHANNEL" parent="PRPTS" type="PROMPTSET">
<PROMPTSET name="PCK.CUSTOM_SLACK_NOTIFICATION.PRV.PROMPTSET.NOTIFY_CHANNEL" ontop="1">
<PRPTBOX promptset="PCK.CUSTOM_SLACK_NOTIFICATION.PRV.PROMPTSET.NOTIFY_CHANNEL" prptmode="1">
<URLs.00 altview="0" haslist="0"/>
<CHANNELIDs.00 altview="0" haslist="0"/>
<MESSAGEs.00 altview="0" haslist="0"/>
</PRPTBOX>
</PROMPTSET>
</node>
<node content="1" id="PCK.AUTOMIC_RA_REST.PUB.PROMPTSET.CONNECTION_ENDPOINT" name="PCK.AUTOMIC_RA_REST.PUB.PROMPTSET.CONNECTION_ENDPOINT" parent="PRPTS" type="PROMPTSET">
<PROMPTSET name="PCK.AUTOMIC_RA_REST.PUB.PROMPTSET.CONNECTION_ENDPOINT" ontop="1">
<PRPTBOX promptset="PCK.AUTOMIC_RA_REST.PUB.PROMPTSET.CONNECTION_ENDPOINT" prptmode="1">
<CONN_ENDPOINT_URLs.00 altview="0" haslist="0">&amp;URL#</CONN_ENDPOINT_URLs.00>
</PRPTBOX>
</PROMPTSET>
</node>
<node content="1" id="PCK.AUTOMIC_RA_REST.PUB.PROMPTSET.CONNECTION_PROXY" name="PCK.AUTOMIC_RA_REST.PUB.PROMPTSET.CONNECTION_PROXY" parent="PRPTS" type="PROMPTSET">
<PROMPTSET name="PCK.AUTOMIC_RA_REST.PUB.PROMPTSET.CONNECTION_PROXY" ontop="1">
<PRPTBOX promptset="PCK.AUTOMIC_RA_REST.PUB.PROMPTSET.CONNECTION_PROXY" prptmode="1">
<CONN_PROXY_TYPEs.00 altview="0" haslist="0">None</CONN_PROXY_TYPEs.00>
<CONN_PROXY_HOSTs.00 altview="0" haslist="0"/>
<CONN_PROXY_PORTs.00 altview="0" haslist="0">0</CONN_PROXY_PORTs.00>
<CONN_PROXY_USERNAMEs.00 altview="0" haslist="0"/>
<CONN_PROXY_PASSWORDs.00 altview="0" haslist="0">--10</CONN_PROXY_PASSWORDs.00>
<CONN_PROXY_REALMs.00 altview="0" haslist="0"/>
<CONN_PROXY_AUTH_METHODs.00 altview="0" haslist="0">None</CONN_PROXY_AUTH_METHODs.00>
</PRPTBOX>
</PROMPTSET>
</node>
<node content="1" id="PCK.AUTOMIC_RA_REST.PUB.PROMPTSET.CONNECTION_ADVANCED" name="PCK.AUTOMIC_RA_REST.PUB.PROMPTSET.CONNECTION_ADVANCED" parent="PRPTS" type="PROMPTSET">
<PROMPTSET name="PCK.AUTOMIC_RA_REST.PUB.PROMPTSET.CONNECTION_ADVANCED" ontop="1">
<PRPTBOX promptset="PCK.AUTOMIC_RA_REST.PUB.PROMPTSET.CONNECTION_ADVANCED" prptmode="1">
<CONN_CONNECTION_TIMEOUTs.00 altview="0" haslist="0">30</CONN_CONNECTION_TIMEOUTs.00>
<CONN_READ_TIMEOUTs.00 altview="0" haslist="0">60</CONN_READ_TIMEOUTs.00>
<CONN_FOLLOW_REDIRECTSs.00 altview="0" haslist="0">NO</CONN_FOLLOW_REDIRECTSs.00>
</PRPTBOX>
</PROMPTSET>
</node>
<node content="1" id="PCK.AUTOMIC_RA_REST.PUB.PROMPTSET.OVERWRITE_RA_AGENT" name="PCK.AUTOMIC_RA_REST.PUB.PROMPTSET.OVERWRITE_RA_AGENT" parent="PRPTS" type="PROMPTSET">
<PROMPTSET name="PCK.AUTOMIC_RA_REST.PUB.PROMPTSET.OVERWRITE_RA_AGENT" ontop="1">
<PRPTBOX promptset="PCK.AUTOMIC_RA_REST.PUB.PROMPTSET.OVERWRITE_RA_AGENT" prptmode="1">
<OVERWRITE_RA_AGENT_PROMPTs.00 altview="0" haslist="0"/>
</PRPTBOX>
</PROMPTSET>
</node>
</dyntree>
</DYNVALUES>
<ROLLBACK state="1">
<RollbackFlag>0</RollbackFlag>
<CBackupObj/>
<CRollbackObj/>
<FBackupPath/>
<FDeleteBefore>0</FDeleteBefore>
<FInclSubDirs>0</FInclSubDirs>
</ROLLBACK>
<PRE_SCRIPT mode="1" replacementmode="1" state="1">
<PSCRI><![CDATA[:INC PCK.AUTOMIC_RA_REST.PUB.INCLUDE.PREPARE_RA_JOB
:INC PCK.AUTOMIC_RA_REST.PUB.INCLUDE.SET_CONNECTION_AUTH_NONE]]></PSCRI>
</PRE_SCRIPT>
<SCRIPT mode="1" state="1">
<MSCRI/>
</SCRIPT>
<OUTPUTSCAN state="1">
<Inherit>N</Inherit>
<filterobjects/>
<HostFsc/>
<LoginFsc/>
</OUTPUTSCAN>
<POST_SCRIPT mode="1" replacementmode="1" state="1">
<OSCRI/>
</POST_SCRIPT>
<DOCU_Docu state="1" type="text">
<DOC><![CDATA[Notify Channel

Inputs

URL
Hubot notification URL (http://<host>:<port>/)...

Channel ID
Issue <bot> get internal room name to obtain the ID or leave empty to notify all channels (use HUBOT_ARANOTIFY_ROOMS environment variable)...

Message
Enter a message, us \n for newline...]]></DOC>
</DOCU_Docu>
</JOBS_CIT>
<PRPT name="PCK.CUSTOM_SLACK_NOTIFICATION.PRV.PROMPTSET.NOTIFY_CHANNEL">
<HEADER state="1">
<Title>Notify Channel Parameters</Title>
<ArchiveKey1/>
<ArchiveKey2/>
<OH_SubType/>
</HEADER>
<PROMPTDESIGNER state="1">
<DESIGNER/>
</PROMPTDESIGNER>
<PROMPTSETXUI state="1">
<XUIEDITOR><![CDATA[<dialog height="424" icon="PRPT" id="PRPTS" left="279" top="4" width="441"><readpanel fill="b" id="PRPTBOX" nl="1" scroll="v" text="Promptset"><properties><entry name="text">Promptset</entry><entry name="modifiable">0</entry></properties><text alt="1" enabled="1" fill="b" focus="0" id="URLs.00" inputassistance="0" len="" multiline="0" multilineIcon="0" nl="1" regex="" resetable="1" separator=";" showaspassword="0" text="URL" tooltip="Hubot notification URL (http://&lt;host&gt;:&lt;port&gt;/)..." upper="0" required="0"><oninputassistant><command request="_internal" target="_view" targetaction="setAttribute" targetparam="promptname|@id"/><command request="_internal" target="_view" targetaction="setAttribute" targetparam="promptvalue|@value"/><command owner="_promptsetcontainer" owneraction="getData" request="getpromptinputassistance" target="_chainwindow"/></oninputassistant><properties><entry listparam="C" name="reference" reftype="STATIC">UC_DATATYPE_STRING</entry><entry name="text">URL</entry><entry name="multiselect">0</entry><entry name="separator">;</entry><entry name="len"/><entry name="quotes"/><entry name="id">URLs.00</entry><entry name="inputassistance">0</entry><entry name="enabled">0</entry><entry name="upper">0</entry><entry name="focus">0</entry><entry name="showaspassword">0</entry><entry name="tooltip">Hubot notification URL (http://&lt;host&gt;:&lt;port&gt;/)...</entry><entry name="customfield"/><entry name="xmlkey"/><entry name="xmlpath"/><entry name="modifiable">1</entry><entry name="multiline">0</entry><entry name="multilineIcon">0</entry><entry name="regex"/><entry name="required">1</entry><entry name="resetable">1</entry><entry name="initvalue"/><entry name="onchangereset"/></properties></text><text alt="1" enabled="1" fill="b" focus="0" id="CHANNELIDs.00" inputassistance="0" len="" multiline="0" multilineIcon="0" nl="1" regex="" required="0" separator=";" showaspassword="0" text="Channel ID" tooltip="Issue &lt;bot&gt; get internal room name to obtain the ID or leave empty to notify all channels (use HUBOT_ARANOTIFY_ROOMS environment variable)..." upper="0"><oninputassistant><command request="_internal" target="_view" targetaction="setAttribute" targetparam="promptname|@id"/><command request="_internal" target="_view" targetaction="setAttribute" targetparam="promptvalue|@value"/><command owner="_promptsetcontainer" owneraction="getData" request="getpromptinputassistance" target="_chainwindow"/></oninputassistant><properties><entry listparam="C" name="reference" reftype="STATIC">UC_DATATYPE_STRING</entry><entry name="text">Channel ID</entry><entry name="multiselect">0</entry><entry name="separator">;</entry><entry name="len"/><entry name="quotes"/><entry name="id">CHANNELIDs.00</entry><entry name="inputassistance">0</entry><entry name="enabled">0</entry><entry name="upper">0</entry><entry name="focus">0</entry><entry name="showaspassword">0</entry><entry name="tooltip">Issue &lt;bot&gt; get internal room name to obtain the ID or leave empty to notify all channels (use HUBOT_ARANOTIFY_ROOMS environment variable)...</entry><entry name="customfield"/><entry name="xmlkey"/><entry name="xmlpath"/><entry name="modifiable">1</entry><entry name="multiline">0</entry><entry name="multilineIcon">0</entry><entry name="regex"/><entry name="required">0</entry><entry name="resetable">1</entry><entry name="initvalue"/><entry name="onchangereset"/></properties></text><text alt="1" enabled="1" fill="b" focus="0" id="MESSAGEs.00" inputassistance="0" len="256" multiline="1" multilineIcon="0" nl="1" regex="" resetable="1" separator=";" showaspassword="0" text="Message" tooltip="Enter a message, us \n for newline..." upper="0" required="0"><oninputassistant><command request="_internal" target="_view" targetaction="setAttribute" targetparam="promptname|@id"/><command request="_internal" target="_view" targetaction="setAttribute" targetparam="promptvalue|@value"/><command owner="_promptsetcontainer" owneraction="getData" request="getpromptinputassistance" target="_chainwindow"/></oninputassistant><properties><entry listparam="C" name="reference" reftype="STATIC">UC_DATATYPE_STRING</entry><entry name="text">Message</entry><entry name="multiselect">0</entry><entry name="separator">;</entry><entry name="len">256</entry><entry name="quotes"/><entry name="id">MESSAGEs.00</entry><entry name="inputassistance">0</entry><entry name="enabled">0</entry><entry name="upper">0</entry><entry name="focus">0</entry><entry name="showaspassword">0</entry><entry name="tooltip">Enter a message, us \n for newline...</entry><entry name="customfield"/><entry name="xmlkey"/><entry name="xmlpath"/><entry name="modifiable">1</entry><entry name="multiline">1</entry><entry name="multilineIcon">0</entry><entry name="regex"/><entry name="required">1</entry><entry name="resetable">1</entry><entry name="initvalue"/><entry name="onchangereset"/></properties></text></readpanel></dialog>]]></XUIEDITOR>
</PROMPTSETXUI>
<PROMPTSETDATA state="1">
<DATAEDITOR><![CDATA[<PRPTS ontop="1"><PRPTBOX><URLs.00 haslist="0" msgnr="-1" msginsert="" altview="0" promptname="URL#" ReadFromTable="OPSE"></URLs.00><CHANNELIDs.00 haslist="0" msgnr="-1" msginsert="" altview="0" promptname="CHANNELID#" ReadFromTable="OPSE"></CHANNELIDs.00><MESSAGEs.00 haslist="0" msgnr="-1" msginsert="" altview="0" promptname="MESSAGE#" ReadFromTable="OPSE"></MESSAGEs.00></PRPTBOX></PRPTS>]]></DATAEDITOR>
</PROMPTSETDATA>
<DOCU_Docu state="1" type="text">
<DOC/>
</DOCU_Docu>
</PRPT>
</uc-export>